{
  "dataset": "135_1570.parquet",
  "cleaning_date": "2025-11-10 14:47:38",
  "total_records": 785398,
  "date_range": [
    "2022-10-20 16:02:00",
    "2024-04-01 01:59:00"
  ],
  "validation_passed": false,
  "validation_results": {
    "sGekoeldeRuimte": {
      "expected_range": [
        -50,
        0
      ],
      "actual_range": [
        -37.5,
        0.0
      ],
      "passed": true
    },
    "p:42_s:_a:standard_n:Gekoelderuimte(2)_inactive": {
      "expected_range": [
        -50,
        0
      ],
      "actual_range": [
        -37.5,
        19.9
      ],
      "passed": false
    },
    "sHeetgasLeiding": {
      "expected_range": [
        20,
        80
      ],
      "actual_range": [
        20.0,
        77.5
      ],
      "passed": true
    },
    "sVloeistofleiding": {
      "expected_range": [
        20,
        50
      ],
      "actual_range": [
        20.0,
        50.0
      ],
      "passed": true
    },
    "sZuigleiding": {
      "expected_range": [
        20,
        40
      ],
      "actual_range": [
        20.0,
        40.0
      ],
      "passed": true
    },
    "sOmgeving": {
      "expected_range": [
        -10,
        50
      ],
      "actual_range": [
        -10.0,
        50.0
      ],
      "passed": true
    },
    "sDeurcontact": {
      "expected_range": [
        0,
        1
      ],
      "actual_range": [
        0.0,
        1.0
      ],
      "passed": true
    },
    "sRSSI": {
      "expected_range": [
        -120,
        0
      ],
      "actual_range": [
        -115.0,
        0.0
      ],
      "passed": true
    },
    "sBattery": {
      "expected_range": [
        0,
        100
      ],
      "actual_range": [
        0.0,
        100.0
      ],
      "passed": true
    }
  },
  "interpolation": {
    "method": "time-based interpolation",
    "limit": "5 minutes",
    "records_interpolated": {
      "sGekoeldeRuimte": 18715,
      "p:42_s:_a:standard_n:Gekoelderuimte(2)_inactive": 3811,
      "sHeetgasLeiding": 18697,
      "sVloeistofleiding": 18706,
      "sZuigleiding": 18706,
      "sOmgeving": 18914,
      "sDeurcontact": 16182,
      "sRSSI": 2485,
      "sBattery": 16160
    }
  },
  "comparison": {
    "sGekoeldeRuimte": {
      "original": {
        "count": 737544,
        "missing": 47854,
        "mean": -33.83949147440695,
        "std": 4.073580381470935,
        "min": -37.5,
        "max": 56.4
      },
      "cleaned": {
        "count": 756259,
        "missing": 29139,
        "mean": -33.27435579106327,
        "std": 5.455944081266179,
        "min": -37.5,
        "max": 0.0
      },
      "changes": {
        "mean_change": 0.5651356833436765,
        "mean_change_pct": -1.6700478013125366,
        "std_change": 1.3823636997952446,
        "std_change_pct": 33.93485755388691,
        "range_change": [
          0.0,
          -56.4
        ]
      }
    },
    "p:42_s:_a:standard_n:Gekoelderuimte(2)_inactive": {
      "original": {
        "count": 737501,
        "missing": 47897,
        "mean": -29.00379823213799,
        "std": 68.38628207086737,
        "min": -37.5,
        "max": 882.6
      },
      "cleaned": {
        "count": 737186,
        "missing": 48212,
        "mean": -34.13279283764084,
        "std": 1.1495020286816866,
        "min": -37.5,
        "max": 19.9
      },
      "changes": {
        "mean_change": -5.128994605502854,
        "mean_change_pct": 17.683872175815967,
        "std_change": -67.23678004218569,
        "std_change_pct": -98.31910436731964,
        "range_change": [
          0.0,
          -862.7
        ]
      }
    },
    "sHeetgasLeiding": {
      "original": {
        "count": 737493,
        "missing": 47905,
        "mean": 50.40147553942886,
        "std": 8.158471410470442,
        "min": 11.6,
        "max": 77.5
      },
      "cleaned": {
        "count": 756190,
        "missing": 29208,
        "mean": 49.8213835744022,
        "std": 9.052870790310182,
        "min": 20.0,
        "max": 77.5
      },
      "changes": {
        "mean_change": -0.5800919650266607,
        "mean_change_pct": -1.1509424254312899,
        "std_change": 0.89439937983974,
        "std_change_pct": 10.962830349468202,
        "range_change": [
          8.4,
          0.0
        ]
      }
    },
    "sVloeistofleiding": {
      "original": {
        "count": 737553,
        "missing": 47845,
        "mean": 33.92559544873385,
        "std": 1.7783458619196784,
        "min": 11.9,
        "max": 84.7
      },
      "cleaned": {
        "count": 756259,
        "missing": 29139,
        "mean": 33.66786097091049,
        "std": 2.518262967071803,
        "min": 20.0,
        "max": 50.0
      },
      "changes": {
        "mean_change": -0.25773447782336234,
        "mean_change_pct": -0.7597050970345793,
        "std_change": 0.7399171051521247,
        "std_change_pct": 41.6070417457155,
        "range_change": [
          8.1,
          -34.7
        ]
      }
    },
    "sZuigleiding": {
      "original": {
        "count": 737547,
        "missing": 47851,
        "mean": 31.309441296622452,
        "std": 2.1968130324912436,
        "min": 11.7,
        "max": 57.5
      },
      "cleaned": {
        "count": 756253,
        "missing": 29145,
        "mean": 31.104433839326052,
        "std": 2.5984633049879595,
        "min": 20.0,
        "max": 40.0
      },
      "changes": {
        "mean_change": -0.20500745729640002,
        "mean_change_pct": -0.6547783952903544,
        "std_change": 0.4016502724967159,
        "std_change_pct": 18.283316174669356,
        "range_change": [
          8.3,
          -17.5
        ]
      }
    },
    "sOmgeving": {
      "original": {
        "count": 737286,
        "missing": 48112,
        "mean": 29.94160420786506,
        "std": 3.2049668919120675,
        "min": -35.2,
        "max": 71.2
      },
      "cleaned": {
        "count": 756200,
        "missing": 29198,
        "mean": 29.70867625386865,
        "std": 3.5828846289258904,
        "min": -10.0,
        "max": 50.0
      },
      "changes": {
        "mean_change": -0.2329279539964091,
        "mean_change_pct": -0.7779407956211765,
        "std_change": 0.3779177370138229,
        "std_change_pct": 11.791626864150196,
        "range_change": [
          25.200000000000003,
          -21.200000000000003
        ]
      }
    },
    "sDeurcontact": {
      "original": {
        "count": 740039,
        "missing": 45359,
        "mean": 0.006960443976601233,
        "std": 0.08313847205989192,
        "min": 0.0,
        "max": 1.0
      },
      "cleaned": {
        "count": 756221,
        "missing": 29177,
        "mean": 0.026547130192806776,
        "std": 0.1607506073733186,
        "min": 0.0,
        "max": 1.0
      },
      "changes": {
        "mean_change": 0.019586686216205542,
        "mean_change_pct": 281.3999549748502,
        "std_change": 0.07761213531342667,
        "std_change_pct": 93.35285264506167,
        "range_change": [
          0.0,
          0.0
        ]
      }
    },
    "sRSSI": {
      "original": {
        "count": 753179,
        "missing": 32219,
        "mean": -80.67528436135368,
        "std": 5.095337074029613,
        "min": -115.0,
        "max": 0.0
      },
      "cleaned": {
        "count": 755664,
        "missing": 29734,
        "mean": -80.67042309109442,
        "std": 5.10181177247844,
        "min": -115.0,
        "max": 0.0
      },
      "changes": {
        "mean_change": 0.0048612702592549795,
        "mean_change_pct": -0.006025724356273482,
        "std_change": 0.0064746984488266435,
        "std_change_pct": 0.1270710525085276,
        "range_change": [
          0.0,
          0.0
        ]
      }
    },
    "sBattery": {
      "original": {
        "count": 740043,
        "missing": 45355,
        "mean": 99.59317499118295,
        "std": 5.199680144392169,
        "min": 0.0,
        "max": 100.0
      },
      "cleaned": {
        "count": 756203,
        "missing": 29195,
        "mean": 98.40149893613223,
        "std": 10.253844261293706,
        "min": 0.0,
        "max": 100.0
      },
      "changes": {
        "mean_change": -1.1916760550507206,
        "mean_change_pct": -1.1965438948564702,
        "std_change": 5.0541641169015366,
        "std_change_pct": 97.20144271474908,
        "range_change": [
          0.0,
          0.0
        ]
      }
    }
  },
  "outlier_flags": {
    "secondary_error_code_882.6": 4126,
    "main_freezer_positive": 4239,
    "hot_gas_low": 3085,
    "liquid_extreme": 3021,
    "suction_extreme": 3094,
    "ambient_extreme": 11
  },
  "total_outliers_handled": 17576,
  "files_created": [
    "135_1570_cleaned.parquet (production)",
    "135_1570_cleaned_with_flags.parquet (audit trail)"
  ]
}